insert into user_role values ('user');
insert into user_role values ('admin');

insert into user_details values (1, 'admin', 'admin', 'admin');
insert into user_details values (2,  'user', 'user', 'user');

insert into city values ('buc', 'romania');
insert into city values ('iasi', 'romania');
insert into city values ('cluj', 'romania');
insert into city values ('sibiu', 'romania');

insert into company  values ('luxoft');
insert into company  values ('ibm');
insert into company  values ('metro');
insert into company  values ('brd');
insert into company  values ('bcr');
insert into company  values ('vodafone');
insert into company  values ('dell');

insert into salary_entry values (1, 'java', 5000, 'buc', 'luxoft');
insert into salary_entry values (2, 'java', 5000, 'iasi', 'luxoft');
insert into salary_entry values (3, 'java', 5000, 'cluj', 'luxoft');
insert into salary_entry values (4, 'java', 5000, 'sibiu', 'luxoft');
insert into salary_entry values (5, 'sql', 3000, 'cluj', 'luxoft');
insert into salary_entry values (6, 'sql', 3000, 'iasi', 'luxoft');
insert into salary_entry values (7, 'python', 4000, 'buc', 'luxoft');
insert into salary_entry values (8, 'python', 4000, 'iasi', 'luxoft');
insert into salary_entry values (9, 'python', 4000, 'sibiu', 'luxoft');
insert into salary_entry values (10, 'tester', 2000, 'sibiu', 'luxoft');
insert into salary_entry values (11, 'tester', 2000, 'cluj', 'luxoft');
insert into salary_entry values (12, 'support', 2000, 'sibiu', 'luxoft');
insert into salary_entry values (13, 'spport', 2000, 'cluj', 'luxoft');
insert into salary_entry values (14, 'java', 5000, 'buc', 'ibm');
insert into salary_entry values (15, 'java', 5000, 'iasi', 'metro');
insert into salary_entry values (16, 'java', 5000, 'cluj', 'ibm');
insert into salary_entry values (17, 'java', 5000, 'sibiu', 'metro');
insert into salary_entry values (18, 'sql', 3000, 'cluj', 'metro');
insert into salary_entry values (19, 'sql', 3000, 'iasi', 'ibm');
insert into salary_entry values (20, 'python', 4000, 'buc', 'metro');
insert into salary_entry values (21, 'python', 4000, 'iasi', 'ibm');
insert into salary_entry values (22, 'python', 4000, 'sibiu', 'metro');
insert into salary_entry values (23, 'tester', 2000, 'sibiu', 'ibm');
insert into salary_entry values (24, 'tester', 2000, 'cluj', 'metro');
insert into salary_entry values (25, 'support', 2000, 'sibiu', 'ibm');
insert into salary_entry values (26, 'spport', 2000, 'cluj', 'metro');
insert into salary_entry values (27, 'java', 5000, 'buc', 'brd');
insert into salary_entry values (28, 'java', 5000, 'iasi', 'bcr');
insert into salary_entry values (29, 'java', 5000, 'cluj', 'brd');
insert into salary_entry values (30, 'java', 5000, 'sibiu', 'bcr');
insert into salary_entry values (31, 'sql', 3000, 'cluj', 'brd');
insert into salary_entry values (32, 'sql', 3000, 'iasi', 'bcr');
insert into salary_entry values (33, 'python', 4000, 'buc', 'brd');
insert into salary_entry values (34, 'python', 4000, 'iasi', 'bcr');
insert into salary_entry values (35, 'python', 4000, 'sibiu', 'brd');
insert into salary_entry values (36, 'tester', 2000, 'sibiu', 'bcr');
insert into salary_entry values (37, 'tester', 2000, 'cluj', 'brd');
insert into salary_entry values (38, 'sql', 2200, 'cluj', 'ibm');
insert into salary_entry values (39, 'sql', 2200, 'cluj', 'metro');
insert into salary_entry values (40, 'support', 2000, 'sibiu', 'bcr');
insert into salary_entry values (41, 'spport', 2000, 'cluj', 'brd');
insert into salary_entry values (42, 'java', 5000, 'buc', 'vodafone');
insert into salary_entry values (43, 'java', 5000, 'iasi', 'vodafone');
insert into salary_entry values (44, 'java', 5000, 'cluj', 'vodafone');
insert into salary_entry values (45, 'java', 5000, 'sibiu', 'vodafone');
insert into salary_entry values (46, 'sql', 3000, 'cluj', 'vodafone');
insert into salary_entry values (47, 'sql', 3000, 'iasi', 'vodafone');
insert into salary_entry values (48, 'python', 4000, 'buc', 'dell');
insert into salary_entry values (49, 'python', 4000, 'iasi', 'dell');
insert into salary_entry values (50, 'python', 4000, 'sibiu', 'dell');
insert into salary_entry values (51, 'tester', 2000, 'sibiu', 'dell');
insert into salary_entry values (52, 'tester', 2000, 'cluj', 'dell');
insert into salary_entry values (53, 'support', 2000, 'sibiu', 'dell');
insert into salary_entry values (54, 'spport', 2000, 'cluj', 'dell');
